{"2MN6": {"FF": 1.0208272651952501,
          "VAU": 310.0893608033657,
          "amp": 0.006078775642853294,
          "phase": 197.0293631184618,
          "rate": 86.40793802605268},
 "2MS6": {"FF": 1.0130922232096284,
          "VAU": 60.16806998848915,
          "amp": 0.012666893588431972,
          "phase": 266.74110133426814,
          "rate": 87.96820848141263},
 "2N2": {"FF": 1.0061521526442916,
         "VAU": 289.7585466168821,
         "amp": 0.017300575576071085,
         "phase": 272.6418048490729,
         "rate": 27.895354848573746},
 "2Q1": {"FF": 0.9782251120958008,
         "VAU": 94.86185223795474,
         "amp": 0.005321864599556685,
         "phase": 108.17236167656941,
         "rate": 12.85428620900802},
 "2SM2": {"FF": 1.0061521526442916,
          "VAU": 149.91596500203013,
          "amp": 0.0019480216996885316,
          "phase": 142.19015919784232,
          "rate": 31.01589575929368},
 "2SM6": {"FF": 1.0061521526442916,
          "VAU": 210.08403499424458,
          "amp": 0.0034462117225285737,
          "phase": 295.9413710784467,
          "rate": 88.9841042407063},
 "J1": {"FF": 0.9846219922674182,
        "VAU": 155.05943857133389,
        "amp": 0.0038435443022534405,
        "phase": 51.22493828668303,
        "rate": 15.58544333563201},
 "K1": {"FF": 0.98700309548214,
        "VAU": 193.11953879147768,
        "amp": 0.07468256839270919,
        "phase": 346.8430645460403,
        "rate": 15.041068639565726},
 "K2": {"FF": 0.9792141308805914,
        "VAU": 205.64043302461505,
        "amp": 0.058333722620846816,
        "phase": 347.73420309618496,
        "rate": 30.08213727913145},
 "L2": {"FF": 1.0441039480468952,
        "VAU": 340.9649832434952,
        "amp": 0.014474630113433801,
        "phase": 309.96222871482433,
        "rate": 29.5284789367726},
 "M1": {"FF": 1.021114228493845,
        "VAU": 95.05756160989404,
        "amp": 0.007150050821360923,
        "phase": 144.14420643446311,
        "rate": 14.492052120353158},
 "M2": {"FF": 1.0061521526442916,
        "VAU": 210.08403499796987,
        "amp": 0.5803751163235061,
        "phase": 312.22307761334906,
        "rate": 28.984104240706316},
 "M3": {"FF": 1.009615998065155,
        "VAU": 315.12605249881744,
        "amp": 0.00667720228451062,
        "phase": 15.96309679873093,
        "rate": 43.47615636105948},
 "M4": {"FF": 1.0130922232096284,
        "VAU": 60.16806999593973,
        "amp": 0.015575238174617942,
        "phase": 277.6283636537507,
        "rate": 57.96820848141263},
 "M6": {"FF": 1.0208272651952501,
        "VAU": 270.2521049976349,
        "amp": 0.011882683711908025,
        "phase": 223.0909728380858,
        "rate": 86.95231272211896},
 "M8": {"FF": 1.0293651756094604,
        "VAU": 120.33613999187946,
        "amp": 0.002885783780946946,
        "phase": 310.4288092212688,
        "rate": 115.93641696282526},
 "MK3": {"FF": 0.9907440037250858,
         "VAU": 43.203573793172836,
         "amp": 0.002850992412243923,
         "phase": 151.09836719399016,
         "rate": 44.025172880272045},
 "MK4": {"FF": 0.9795003018863687,
         "VAU": 55.724468022584915,
         "amp": 0.003570755250905535,
         "phase": 11.979663490709981,
         "rate": 59.06624151983777},
 "MKS2": {"FF": 0.9856527899729759,
          "VAU": 59.22076751664281,
          "amp": 0.0016497443670172346,
          "phase": 299.3765148841646,
          "rate": 29.06624151983777},
 "MN4": {"FF": 1.0130922232096284,
         "VAU": 100.00532580167055,
         "amp": 0.004051598826016942,
         "phase": 243.3000670230101,
         "rate": 57.423833785346346},
 "MNS2": {"FF": 1.0130922232096284,
          "VAU": 100.00532580912113,
          "amp": 0.005471710108292136,
          "phase": 249.3556911878073,
          "rate": 27.423833785346346},
 "MO3": {"FF": 0.9952531436432299,
         "VAU": 227.04853120446205,
         "amp": 0.0013614242203731346,
         "phase": 25.88125000632897,
         "rate": 42.9271398418469},
 "MP1": {"FF": 0.9846219922674182,
         "VAU": 44.32407313771546,
         "amp": 0.0011184259920898158,
         "phase": 9.64690127486628,
         "rate": 14.025172880272045},
 "MS4": {"FF": 1.0130922232096284,
         "VAU": 210.08403499424458,
         "amp": 0.012354490125385345,
         "phase": 4.436630980413952,
         "rate": 58.984104240706316},
 "MSN2": {"FF": 0.9795003018863687,
          "VAU": 55.724468022584915,
          "amp": 0.0015929668061775786,
          "phase": 217.04537959387144,
          "rate": 30.54437469606628},
 "MSf": {"FF": 0.9782251120958008,
         "VAU": 150.57262124155494,
         "amp": 0.004401324790377748,
         "phase": 71.50854338882817,
         "rate": 1.0158957592936817},
 "MSm": {"FF": 1.0205377515154266,
         "VAU": 190.4098770506261,
         "amp": 0.005074287903274366,
         "phase": 141.55120029867106,
         "rate": 0.4715210632273969},
 "Mf": {"FF": 0.9775327099541876,
        "VAU": 359.7093537587672,
        "amp": 0.019482066427874235,
        "phase": 198.9222775349233,
        "rate": 1.098033038425137},
 "Mm": {"FF": 1.0205377515154266,
        "VAU": 320.16274419092883,
        "amp": 0.009757172395343334,
        "phase": 170.77467029346826,
        "rate": 0.5443746960662847},
 "N2": {"FF": 1.0061521526442916,
        "VAU": 249.92129080742598,
        "amp": 0.1208100694332512,
        "phase": 291.93761805084665,
        "rate": 28.43972954464003},
 "NO1": {"FF": 0.9315541679949938,
         "VAU": 216.8868527971208,
         "amp": 0.003273338402047288,
         "phase": 262.6508974984972,
         "rate": 14.496693943499443},
 "O1": {"FF": 0.9782251120958008,
        "VAU": 15.187340620905161,
        "amp": 0.07782563783359589,
        "phase": 208.8380669444384,
        "rate": 13.94303560114059},
 "OO1": {"FF": 1.0033538397618893,
         "VAU": 194.60604813881218,
         "amp": 0.00240264061981812,
         "phase": 136.44508957572071,
         "rate": 16.139101677990865},
 "P1": {"FF": 1.0,
        "VAU": 170.09553356468678,
        "amp": 0.02239346618936133,
        "phase": 329.5146998906154,
        "rate": 14.95893136043427},
 "Q1": {"FF": 0.9782251120958008,
        "VAU": 55.02459643036127,
        "amp": 0.027485158834008063,
        "phase": 157.15480507519365,
        "rate": 13.398660905074303},
 "R2": {"FF": 1.0,
        "VAU": 177.669173322618,
        "amp": 0.0025058652014553684,
        "phase": 0.6215906709522869,
        "rate": 30.04106667776697},
 "S1": {"FF": 1.0,
        "VAU": 0.0,
        "amp": 0.004905420733225232,
        "phase": 257.8337060625846,
        "rate": 14.999999999999998},
 "S2": {"FF": 1.0,
        "VAU": 0.0,
        "amp": 0.209214528175048,
        "phase": 346.8887606116674,
        "rate": 29.999999999999996},
 "S4": {"FF": 1.0,
        "VAU": 0.0,
        "amp": 0.0014771333448422089,
        "phase": 124.84711840916385,
        "rate": 59.99999999999999},
 "S6": {"FF": 1.0,
        "VAU": 0.0,
        "amp": 0.00031065426204334384,
        "phase": 269.5736147820781,
        "rate": 90.0},
 "SK3": {"FF": 0.98700309548214,
         "VAU": 193.11953879147768,
         "amp": 0.0008760044690692456,
         "phase": 271.51381609969644,
         "rate": 45.04106863956572},
 "SN4": {"FF": 1.0130922232096284,
         "VAU": 100.00532580912113,
         "amp": 0.0011124068013472536,
         "phase": 243.79036642652383,
         "rate": 58.43972954464003},
 "SO1": {"FF": 0.9846219922674182,
         "VAU": 345.46931562013924,
         "amp": 0.0002493376278835511,
         "phase": 355.8794229952093,
         "rate": 16.05696439885941},
 "SO3": {"FF": 0.9782251120958008,
         "VAU": 15.187340624630451,
         "amp": 0.0012326824911477155,
         "phase": 97.24197228293468,
         "rate": 43.943035601140586},
 "Sa": {"FF": 1.0,
        "VAU": 279.90446643460166,
        "amp": 0.10583354693592573,
        "phase": 235.61296918264952,
        "rate": 0.04106863956572773},